,mse,mae
valid,7.3001018,1.4000163
