,mse,mae
valid,5.110829,1.1793102
