,mse,mae
valid,4.0745335,1.1762632
