,mse,mae
valid,7.4443517,1.4158665
