,mse,mae
valid,3.807889,1.1498827
