,mse,mae
valid,5.0617366,1.1750519
