,mse,mae
valid,5.227022,1.1921532
