,mse,mae
valid,7.8957887,1.4552766
