,mse,mae
valid,4.3346562,1.211162
