,mse,mae
valid,7.884148,1.4501235
