,mse,mae
valid,4.4196706,1.2142836
