,mse,mae
valid,5.3033657,1.2044349
