,mse,mae
valid,6.0548735,1.3124162
