,mse,mae
valid,5.5474205,1.250174
