,mse,mae
valid,8.330172,1.5029924
