,mse,mae
valid,9.380219,1.5882632
