,mse,mae
valid,2.4997847,1.0213189
