,mse,mae
valid,3.2961302,1.1165713
